<?xml version='1.0' encoding='UTF-8'?>
<feed xmlns="http://www.w3.org/2005/Atom" xml:lang="en"><id>https://cheatsheetseries.owasp.org/</id><title>OWASP Cheat Sheet Series update</title><updated>2021-12-10T18:55:59+00:00</updated><author><name>Core team</name><email>dominique.righetto@owasp.org</email></author><link href="https://cheatsheetseries.owasp.org" rel="self"/><link href="https://github.com/OWASP/CheatSheetSeries" rel="alternate"/><generator uri="https://lkiesow.github.io/python-feedgen" version="0.9.0">python-feedgen</generator><icon>https://cheatsheetseries.owasp.org/gitbook/images/favicon.ico</icon><subtitle>List of the last updates on the content</subtitle><entry><id>https://github.com/OWASP/CheatSheetSeries/pull/662</id><title>Promote Authorization Cheat Sheet</title><updated>2021-05-12T13:58:29+00:00</updated><link href="https://github.com/OWASP/CheatSheetSeries/pull/662" rel="self"/><link href="https://github.com/OWASP/CheatSheetSeries/pull/662" rel="alternate"/><published>2021-05-12T13:58:29+00:00</published></entry><entry><id>https://github.com/OWASP/CheatSheetSeries/pull/663</id><title>Promote Application Logging Vocabulary CS</title><updated>2021-05-12T12:50:42+00:00</updated><link href="https://github.com/OWASP/CheatSheetSeries/pull/663" rel="self"/><link href="https://github.com/OWASP/CheatSheetSeries/pull/663" rel="alternate"/><published>2021-05-12T12:50:42+00:00</published></entry><entry><id>https://github.com/OWASP/CheatSheetSeries/pull/664</id><title>Fix formatting in the CSRF mitigation doc</title><updated>2021-05-12T11:53:22+00:00</updated><link href="https://github.com/OWASP/CheatSheetSeries/pull/664" rel="self"/><link href="https://github.com/OWASP/CheatSheetSeries/pull/664" rel="alternate"/><published>2021-05-12T11:53:22+00:00</published></entry><entry><id>https://github.com/OWASP/CheatSheetSeries/pull/665</id><title>Update Password_Storage_Cheat_Sheet.md</title><updated>2021-05-17T09:11:49+00:00</updated><link href="https://github.com/OWASP/CheatSheetSeries/pull/665" rel="self"/><link href="https://github.com/OWASP/CheatSheetSeries/pull/665" rel="alternate"/><published>2021-05-17T09:11:49+00:00</published></entry><entry><id>https://github.com/OWASP/CheatSheetSeries/pull/667</id><title>New Addition: Infrastructure as Code Security CheatSheet</title><updated>2021-05-17T09:11:08+00:00</updated><link href="https://github.com/OWASP/CheatSheetSeries/pull/667" rel="self"/><link href="https://github.com/OWASP/CheatSheetSeries/pull/667" rel="alternate"/><published>2021-05-17T09:11:08+00:00</published></entry><entry><id>https://github.com/OWASP/CheatSheetSeries/pull/668</id><title>Fixed code example in Node.js CheatSheet</title><updated>2021-05-21T14:14:08+00:00</updated><link href="https://github.com/OWASP/CheatSheetSeries/pull/668" rel="self"/><link href="https://github.com/OWASP/CheatSheetSeries/pull/668" rel="alternate"/><published>2021-05-21T14:14:08+00:00</published></entry><entry><id>https://github.com/OWASP/CheatSheetSeries/pull/670</id><title>Update Multifactor_Authentication_Cheat_Sheet.md</title><updated>2021-06-01T15:12:40+00:00</updated><link href="https://github.com/OWASP/CheatSheetSeries/pull/670" rel="self"/><link href="https://github.com/OWASP/CheatSheetSeries/pull/670" rel="alternate"/><published>2021-06-01T15:12:40+00:00</published></entry><entry><id>https://github.com/OWASP/CheatSheetSeries/pull/671</id><title>Typo: missing t in the</title><updated>2021-06-01T23:13:29+00:00</updated><link href="https://github.com/OWASP/CheatSheetSeries/pull/671" rel="self"/><link href="https://github.com/OWASP/CheatSheetSeries/pull/671" rel="alternate"/><published>2021-06-01T23:13:29+00:00</published></entry><entry><id>https://github.com/OWASP/CheatSheetSeries/pull/672</id><title>Add "Logging" subsection to the microservice security cheat sheet</title><updated>2021-06-14T22:28:13+00:00</updated><link href="https://github.com/OWASP/CheatSheetSeries/pull/672" rel="self"/><link href="https://github.com/OWASP/CheatSheetSeries/pull/672" rel="alternate"/><published>2021-06-14T22:28:13+00:00</published></entry><entry><id>https://github.com/OWASP/CheatSheetSeries/pull/673</id><title>Update Threat_Modeling_Cheat_Sheet.md</title><updated>2021-06-28T09:39:54+00:00</updated><link href="https://github.com/OWASP/CheatSheetSeries/pull/673" rel="self"/><link href="https://github.com/OWASP/CheatSheetSeries/pull/673" rel="alternate"/><published>2021-06-28T09:39:54+00:00</published></entry><entry><id>https://github.com/OWASP/CheatSheetSeries/pull/674</id><title>Update Server_Side_Request_Forgery_Prevention_Cheat_Sheet.md</title><updated>2021-06-21T11:54:25+00:00</updated><link href="https://github.com/OWASP/CheatSheetSeries/pull/674" rel="self"/><link href="https://github.com/OWASP/CheatSheetSeries/pull/674" rel="alternate"/><published>2021-06-21T11:54:25+00:00</published></entry><entry><id>https://github.com/OWASP/CheatSheetSeries/pull/675</id><title>Markdown fixes for K8s cheatsheet</title><updated>2021-06-21T08:22:42+00:00</updated><link href="https://github.com/OWASP/CheatSheetSeries/pull/675" rel="self"/><link href="https://github.com/OWASP/CheatSheetSeries/pull/675" rel="alternate"/><published>2021-06-21T08:22:42+00:00</published></entry><entry><id>https://github.com/OWASP/CheatSheetSeries/pull/676</id><title>Document build process / add requirements / better bash</title><updated>2021-06-21T08:37:30+00:00</updated><link href="https://github.com/OWASP/CheatSheetSeries/pull/676" rel="self"/><link href="https://github.com/OWASP/CheatSheetSeries/pull/676" rel="alternate"/><published>2021-06-21T08:37:30+00:00</published></entry><entry><id>https://github.com/OWASP/CheatSheetSeries/pull/680</id><title>Various improvements</title><updated>2021-06-28T09:43:24+00:00</updated><link href="https://github.com/OWASP/CheatSheetSeries/pull/680" rel="self"/><link href="https://github.com/OWASP/CheatSheetSeries/pull/680" rel="alternate"/><published>2021-06-28T09:43:24+00:00</published></entry><entry><id>https://github.com/OWASP/CheatSheetSeries/pull/683</id><title>Update Multifactor_Authentication_Cheat_Sheet.md</title><updated>2021-06-22T18:20:44+00:00</updated><link href="https://github.com/OWASP/CheatSheetSeries/pull/683" rel="self"/><link href="https://github.com/OWASP/CheatSheetSeries/pull/683" rel="alternate"/><published>2021-06-22T18:20:44+00:00</published></entry><entry><id>https://github.com/OWASP/CheatSheetSeries/pull/687</id><title>Add to Access controls ABAC and OrBAC</title><updated>2021-06-28T00:02:15+00:00</updated><link href="https://github.com/OWASP/CheatSheetSeries/pull/687" rel="self"/><link href="https://github.com/OWASP/CheatSheetSeries/pull/687" rel="alternate"/><published>2021-06-28T00:02:15+00:00</published></entry><entry><id>https://github.com/OWASP/CheatSheetSeries/pull/688</id><title>Expand the Authorization definition</title><updated>2021-06-28T09:52:07+00:00</updated><link href="https://github.com/OWASP/CheatSheetSeries/pull/688" rel="self"/><link href="https://github.com/OWASP/CheatSheetSeries/pull/688" rel="alternate"/><published>2021-06-28T09:52:07+00:00</published></entry><entry><id>https://github.com/OWASP/CheatSheetSeries/pull/693</id><title>Fixed typo in git-secrets</title><updated>2021-06-27T23:59:08+00:00</updated><link href="https://github.com/OWASP/CheatSheetSeries/pull/693" rel="self"/><link href="https://github.com/OWASP/CheatSheetSeries/pull/693" rel="alternate"/><published>2021-06-27T23:59:08+00:00</published></entry><entry><id>https://github.com/OWASP/CheatSheetSeries/pull/694</id><title>Substitute inclusive terms for gender-specific</title><updated>2021-06-28T00:00:45+00:00</updated><link href="https://github.com/OWASP/CheatSheetSeries/pull/694" rel="self"/><link href="https://github.com/OWASP/CheatSheetSeries/pull/694" rel="alternate"/><published>2021-06-28T00:00:45+00:00</published></entry><entry><id>https://github.com/OWASP/CheatSheetSeries/pull/700</id><title>Update XML_External_Entity_Prevention_Cheat_Sheet.md</title><updated>2021-07-01T23:53:35+00:00</updated><link href="https://github.com/OWASP/CheatSheetSeries/pull/700" rel="self"/><link href="https://github.com/OWASP/CheatSheetSeries/pull/700" rel="alternate"/><published>2021-07-01T23:53:35+00:00</published></entry><entry><id>https://github.com/OWASP/CheatSheetSeries/pull/701</id><title>Update Cross_Site_Scripting_Prevention_Cheat_Sheet.md</title><updated>2021-07-02T11:59:44+00:00</updated><link href="https://github.com/OWASP/CheatSheetSeries/pull/701" rel="self"/><link href="https://github.com/OWASP/CheatSheetSeries/pull/701" rel="alternate"/><published>2021-07-02T11:59:44+00:00</published></entry><entry><id>https://github.com/OWASP/CheatSheetSeries/pull/702</id><title>Fix Github Action</title><updated>2021-07-05T10:45:00+00:00</updated><link href="https://github.com/OWASP/CheatSheetSeries/pull/702" rel="self"/><link href="https://github.com/OWASP/CheatSheetSeries/pull/702" rel="alternate"/><published>2021-07-05T10:45:00+00:00</published></entry><entry><id>https://github.com/OWASP/CheatSheetSeries/pull/703</id><title>Fixing various typos</title><updated>2021-07-07T08:13:57+00:00</updated><link href="https://github.com/OWASP/CheatSheetSeries/pull/703" rel="self"/><link href="https://github.com/OWASP/CheatSheetSeries/pull/703" rel="alternate"/><published>2021-07-07T08:13:57+00:00</published></entry><entry><id>https://github.com/OWASP/CheatSheetSeries/pull/704</id><title>- Add DoS vulnerability information of .NET xml parser</title><updated>2021-07-13T10:59:27+00:00</updated><link href="https://github.com/OWASP/CheatSheetSeries/pull/704" rel="self"/><link href="https://github.com/OWASP/CheatSheetSeries/pull/704" rel="alternate"/><published>2021-07-13T10:59:27+00:00</published></entry><entry><id>https://github.com/OWASP/CheatSheetSeries/pull/705</id><title>New Addition: an npm security cheatsheet </title><updated>2021-08-03T07:35:15+00:00</updated><link href="https://github.com/OWASP/CheatSheetSeries/pull/705" rel="self"/><link href="https://github.com/OWASP/CheatSheetSeries/pull/705" rel="alternate"/><published>2021-08-03T07:35:15+00:00</published></entry><entry><id>https://github.com/OWASP/CheatSheetSeries/pull/706</id><title>Fix spelling mistakes in Access Control Cheat Sheet</title><updated>2021-07-20T10:48:44+00:00</updated><link href="https://github.com/OWASP/CheatSheetSeries/pull/706" rel="self"/><link href="https://github.com/OWASP/CheatSheetSeries/pull/706" rel="alternate"/><published>2021-07-20T10:48:44+00:00</published></entry><entry><id>https://github.com/OWASP/CheatSheetSeries/pull/707</id><title>Cross-Site Request Forgery Prevention CS auth changes</title><updated>2021-07-28T14:11:49+00:00</updated><link href="https://github.com/OWASP/CheatSheetSeries/pull/707" rel="self"/><link href="https://github.com/OWASP/CheatSheetSeries/pull/707" rel="alternate"/><published>2021-07-28T14:11:49+00:00</published></entry><entry><id>https://github.com/OWASP/CheatSheetSeries/pull/708</id><title>Various Authorization and Authentication corrections</title><updated>2021-07-23T12:10:08+00:00</updated><link href="https://github.com/OWASP/CheatSheetSeries/pull/708" rel="self"/><link href="https://github.com/OWASP/CheatSheetSeries/pull/708" rel="alternate"/><published>2021-07-23T12:10:08+00:00</published></entry><entry><id>https://github.com/OWASP/CheatSheetSeries/pull/709</id><title>Various Authorization and Authentication corrections</title><updated>2021-07-23T12:11:10+00:00</updated><link href="https://github.com/OWASP/CheatSheetSeries/pull/709" rel="self"/><link href="https://github.com/OWASP/CheatSheetSeries/pull/709" rel="alternate"/><published>2021-07-23T12:11:10+00:00</published></entry><entry><id>https://github.com/OWASP/CheatSheetSeries/pull/710</id><title>Various Authorization and Authentication corrections</title><updated>2021-07-26T14:54:00+00:00</updated><link href="https://github.com/OWASP/CheatSheetSeries/pull/710" rel="self"/><link href="https://github.com/OWASP/CheatSheetSeries/pull/710" rel="alternate"/><published>2021-07-26T14:54:00+00:00</published></entry><entry><id>https://github.com/OWASP/CheatSheetSeries/pull/711</id><title>Various Authorization and Authentication corrections</title><updated>2021-07-26T08:34:16+00:00</updated><link href="https://github.com/OWASP/CheatSheetSeries/pull/711" rel="self"/><link href="https://github.com/OWASP/CheatSheetSeries/pull/711" rel="alternate"/><published>2021-07-26T08:34:16+00:00</published></entry><entry><id>https://github.com/OWASP/CheatSheetSeries/pull/712</id><title>REST_Security_Cheat_Sheet typos </title><updated>2021-07-23T12:38:43+00:00</updated><link href="https://github.com/OWASP/CheatSheetSeries/pull/712" rel="self"/><link href="https://github.com/OWASP/CheatSheetSeries/pull/712" rel="alternate"/><published>2021-07-23T12:38:43+00:00</published></entry><entry><id>https://github.com/OWASP/CheatSheetSeries/pull/713</id><title>SAML_Security_Cheat_Sheet.md typo</title><updated>2021-07-23T12:23:13+00:00</updated><link href="https://github.com/OWASP/CheatSheetSeries/pull/713" rel="self"/><link href="https://github.com/OWASP/CheatSheetSeries/pull/713" rel="alternate"/><published>2021-07-23T12:23:13+00:00</published></entry><entry><id>https://github.com/OWASP/CheatSheetSeries/pull/714</id><title>adding some clarity for authn in Session Management CS</title><updated>2021-08-03T14:07:42+00:00</updated><link href="https://github.com/OWASP/CheatSheetSeries/pull/714" rel="self"/><link href="https://github.com/OWASP/CheatSheetSeries/pull/714" rel="alternate"/><published>2021-08-03T14:07:42+00:00</published></entry><entry><id>https://github.com/OWASP/CheatSheetSeries/pull/715</id><title>Transport Layer Protection CS en_US</title><updated>2021-07-23T12:34:49+00:00</updated><link href="https://github.com/OWASP/CheatSheetSeries/pull/715" rel="self"/><link href="https://github.com/OWASP/CheatSheetSeries/pull/715" rel="alternate"/><published>2021-07-23T12:34:49+00:00</published></entry><entry><id>https://github.com/OWASP/CheatSheetSeries/pull/716</id><title>Web Service Security CS auth updates</title><updated>2021-07-26T08:33:04+00:00</updated><link href="https://github.com/OWASP/CheatSheetSeries/pull/716" rel="self"/><link href="https://github.com/OWASP/CheatSheetSeries/pull/716" rel="alternate"/><published>2021-07-26T08:33:04+00:00</published></entry><entry><id>https://github.com/OWASP/CheatSheetSeries/pull/718</id><title>Updated SAMM v2 reference for abuse cases</title><updated>2021-07-26T08:31:56+00:00</updated><link href="https://github.com/OWASP/CheatSheetSeries/pull/718" rel="self"/><link href="https://github.com/OWASP/CheatSheetSeries/pull/718" rel="alternate"/><published>2021-07-26T08:31:56+00:00</published></entry><entry><id>https://github.com/OWASP/CheatSheetSeries/pull/719</id><title>Update Cross_Site_Scripting_Prevention_Cheat_Sheet.md</title><updated>2021-08-03T07:45:06+00:00</updated><link href="https://github.com/OWASP/CheatSheetSeries/pull/719" rel="self"/><link href="https://github.com/OWASP/CheatSheetSeries/pull/719" rel="alternate"/><published>2021-08-03T07:45:06+00:00</published></entry><entry><id>https://github.com/OWASP/CheatSheetSeries/pull/721</id><title>Adjust information on logging as non-repudiation control</title><updated>2021-08-10T10:04:37+00:00</updated><link href="https://github.com/OWASP/CheatSheetSeries/pull/721" rel="self"/><link href="https://github.com/OWASP/CheatSheetSeries/pull/721" rel="alternate"/><published>2021-08-10T10:04:37+00:00</published></entry><entry><id>https://github.com/OWASP/CheatSheetSeries/pull/722</id><title>Fix link to blog post</title><updated>2021-08-12T12:14:27+00:00</updated><link href="https://github.com/OWASP/CheatSheetSeries/pull/722" rel="self"/><link href="https://github.com/OWASP/CheatSheetSeries/pull/722" rel="alternate"/><published>2021-08-12T12:14:27+00:00</published></entry><entry><id>https://github.com/OWASP/CheatSheetSeries/pull/724</id><title>Create XSSFilterEvasionCheatSheet.md</title><updated>2021-08-16T12:45:32+00:00</updated><link href="https://github.com/OWASP/CheatSheetSeries/pull/724" rel="self"/><link href="https://github.com/OWASP/CheatSheetSeries/pull/724" rel="alternate"/><published>2021-08-16T12:45:32+00:00</published></entry><entry><id>https://github.com/OWASP/CheatSheetSeries/pull/726</id><title>Fix typos discovered by codespell</title><updated>2021-08-15T18:31:18+00:00</updated><link href="https://github.com/OWASP/CheatSheetSeries/pull/726" rel="self"/><link href="https://github.com/OWASP/CheatSheetSeries/pull/726" rel="alternate"/><published>2021-08-15T18:31:18+00:00</published></entry><entry><id>https://github.com/OWASP/CheatSheetSeries/pull/727</id><title>Create IndexTopTen.md</title><updated>2021-09-09T07:38:58+00:00</updated><link href="https://github.com/OWASP/CheatSheetSeries/pull/727" rel="self"/><link href="https://github.com/OWASP/CheatSheetSeries/pull/727" rel="alternate"/><contributor><name>mackowski</name><uri>https://github.com/mackowski</uri></contributor><published>2021-09-09T07:38:58+00:00</published></entry><entry><id>https://github.com/OWASP/CheatSheetSeries/pull/729</id><title>Updated the context for Server &amp; Version Header</title><updated>2021-08-24T18:00:48+00:00</updated><link href="https://github.com/OWASP/CheatSheetSeries/pull/729" rel="self"/><link href="https://github.com/OWASP/CheatSheetSeries/pull/729" rel="alternate"/><published>2021-08-24T18:00:48+00:00</published></entry><entry><id>https://github.com/OWASP/CheatSheetSeries/pull/730</id><title>Fixing a typo in Threat_Modeling_Cheat_Sheet.md</title><updated>2021-08-25T14:20:12+00:00</updated><link href="https://github.com/OWASP/CheatSheetSeries/pull/730" rel="self"/><link href="https://github.com/OWASP/CheatSheetSeries/pull/730" rel="alternate"/><published>2021-08-25T14:20:12+00:00</published></entry><entry><id>https://github.com/OWASP/CheatSheetSeries/pull/731</id><title>Fixed property name, added about eval analogue</title><updated>2021-08-27T07:55:23+00:00</updated><link href="https://github.com/OWASP/CheatSheetSeries/pull/731" rel="self"/><link href="https://github.com/OWASP/CheatSheetSeries/pull/731" rel="alternate"/><published>2021-08-27T07:55:23+00:00</published></entry><entry><id>https://github.com/OWASP/CheatSheetSeries/pull/733</id><title>Adding :key: secrets detection options to the Docker Security Cheat S…</title><updated>2021-09-08T13:11:07+00:00</updated><link href="https://github.com/OWASP/CheatSheetSeries/pull/733" rel="self"/><link href="https://github.com/OWASP/CheatSheetSeries/pull/733" rel="alternate"/><published>2021-09-08T13:11:07+00:00</published></entry><entry><id>https://github.com/OWASP/CheatSheetSeries/pull/734</id><title>Update md-link-check.yml</title><updated>2021-09-08T12:56:04+00:00</updated><link href="https://github.com/OWASP/CheatSheetSeries/pull/734" rel="self"/><link href="https://github.com/OWASP/CheatSheetSeries/pull/734" rel="alternate"/><published>2021-09-08T12:56:04+00:00</published></entry><entry><id>https://github.com/OWASP/CheatSheetSeries/pull/735</id><title>Update Generate_Site.sh add index top 10</title><updated>2021-09-09T07:56:43+00:00</updated><link href="https://github.com/OWASP/CheatSheetSeries/pull/735" rel="self"/><link href="https://github.com/OWASP/CheatSheetSeries/pull/735" rel="alternate"/><published>2021-09-09T07:56:43+00:00</published></entry><entry><id>https://github.com/OWASP/CheatSheetSeries/pull/736</id><title>Generate IndexTopTen.md</title><updated>2021-09-09T08:17:30+00:00</updated><link href="https://github.com/OWASP/CheatSheetSeries/pull/736" rel="self"/><link href="https://github.com/OWASP/CheatSheetSeries/pull/736" rel="alternate"/><published>2021-09-09T08:17:30+00:00</published></entry><entry><id>https://github.com/OWASP/CheatSheetSeries/pull/737</id><title>Create index top 10 MkDocs folder structure</title><updated>2021-09-09T08:10:04+00:00</updated><link href="https://github.com/OWASP/CheatSheetSeries/pull/737" rel="self"/><link href="https://github.com/OWASP/CheatSheetSeries/pull/737" rel="alternate"/><published>2021-09-09T08:10:04+00:00</published></entry><entry><id>https://github.com/OWASP/CheatSheetSeries/pull/738</id><title>Update IndexTopTen.md</title><updated>2021-09-09T09:37:34+00:00</updated><link href="https://github.com/OWASP/CheatSheetSeries/pull/738" rel="self"/><link href="https://github.com/OWASP/CheatSheetSeries/pull/738" rel="alternate"/><published>2021-09-09T09:37:34+00:00</published></entry><entry><id>https://github.com/OWASP/CheatSheetSeries/pull/739</id><title>XSSFilterEvasionCheatSheet</title><updated>2021-09-11T07:07:39+00:00</updated><link href="https://github.com/OWASP/CheatSheetSeries/pull/739" rel="self"/><link href="https://github.com/OWASP/CheatSheetSeries/pull/739" rel="alternate"/><published>2021-09-11T07:07:39+00:00</published></entry><entry><id>https://github.com/OWASP/CheatSheetSeries/pull/740</id><title>Update Threat_Modeling_Cheat_Sheet.md</title><updated>2021-09-11T17:57:49+00:00</updated><link href="https://github.com/OWASP/CheatSheetSeries/pull/740" rel="self"/><link href="https://github.com/OWASP/CheatSheetSeries/pull/740" rel="alternate"/><published>2021-09-11T17:57:49+00:00</published></entry><entry><id>https://github.com/OWASP/CheatSheetSeries/pull/742</id><title>Update the Threat Dragon releases link</title><updated>2021-09-14T14:57:42+00:00</updated><link href="https://github.com/OWASP/CheatSheetSeries/pull/742" rel="self"/><link href="https://github.com/OWASP/CheatSheetSeries/pull/742" rel="alternate"/><published>2021-09-14T14:57:42+00:00</published></entry><entry><id>https://github.com/OWASP/CheatSheetSeries/pull/743</id><title>Rename cheat sheets (adds underscores)</title><updated>2021-09-16T16:26:04+00:00</updated><link href="https://github.com/OWASP/CheatSheetSeries/pull/743" rel="self"/><link href="https://github.com/OWASP/CheatSheetSeries/pull/743" rel="alternate"/><published>2021-09-16T16:26:04+00:00</published></entry><entry><id>https://github.com/OWASP/CheatSheetSeries/pull/744</id><title>Fixing various typos, spelling and a broken link</title><updated>2021-09-19T00:21:48+00:00</updated><link href="https://github.com/OWASP/CheatSheetSeries/pull/744" rel="self"/><link href="https://github.com/OWASP/CheatSheetSeries/pull/744" rel="alternate"/><published>2021-09-19T00:21:48+00:00</published></entry><entry><id>https://github.com/OWASP/CheatSheetSeries/pull/745</id><title>Remove duplicated paragraph</title><updated>2021-09-19T00:04:44+00:00</updated><link href="https://github.com/OWASP/CheatSheetSeries/pull/745" rel="self"/><link href="https://github.com/OWASP/CheatSheetSeries/pull/745" rel="alternate"/><published>2021-09-19T00:04:44+00:00</published></entry><entry><id>https://github.com/OWASP/CheatSheetSeries/pull/748</id><title>XXE cheatsheet: Add message to say that PHP8+ prevents XXE by default.</title><updated>2021-09-24T17:44:14+00:00</updated><link href="https://github.com/OWASP/CheatSheetSeries/pull/748" rel="self"/><link href="https://github.com/OWASP/CheatSheetSeries/pull/748" rel="alternate"/><published>2021-09-24T17:44:14+00:00</published></entry><entry><id>https://github.com/OWASP/CheatSheetSeries/pull/749</id><title>Update online tool list with Scanigma</title><updated>2021-10-05T14:52:37+00:00</updated><link href="https://github.com/OWASP/CheatSheetSeries/pull/749" rel="self"/><link href="https://github.com/OWASP/CheatSheetSeries/pull/749" rel="alternate"/><published>2021-10-05T14:52:37+00:00</published></entry><entry><id>https://github.com/OWASP/CheatSheetSeries/pull/750</id><title>Fix typo in Credential_Stuffing_Prevention_Cheat_Sheet.md</title><updated>2021-10-05T18:35:54+00:00</updated><link href="https://github.com/OWASP/CheatSheetSeries/pull/750" rel="self"/><link href="https://github.com/OWASP/CheatSheetSeries/pull/750" rel="alternate"/><published>2021-10-05T18:35:54+00:00</published></entry><entry><id>https://github.com/OWASP/CheatSheetSeries/pull/751</id><title>Fix type in customerrors</title><updated>2021-10-07T12:01:26+00:00</updated><link href="https://github.com/OWASP/CheatSheetSeries/pull/751" rel="self"/><link href="https://github.com/OWASP/CheatSheetSeries/pull/751" rel="alternate"/><published>2021-10-07T12:01:26+00:00</published></entry><entry><id>https://github.com/OWASP/CheatSheetSeries/pull/753</id><title>Create Secrets_Management_CheatSheet.md Initial Work (in drafts!)</title><updated>2021-10-09T20:40:29+00:00</updated><link href="https://github.com/OWASP/CheatSheetSeries/pull/753" rel="self"/><link href="https://github.com/OWASP/CheatSheetSeries/pull/753" rel="alternate"/><published>2021-10-09T20:40:29+00:00</published></entry><entry><id>https://github.com/OWASP/CheatSheetSeries/pull/757</id><title>Added change password recommendation.</title><updated>2021-10-11T09:17:16+00:00</updated><link href="https://github.com/OWASP/CheatSheetSeries/pull/757" rel="self"/><link href="https://github.com/OWASP/CheatSheetSeries/pull/757" rel="alternate"/><published>2021-10-11T09:17:16+00:00</published></entry><entry><id>https://github.com/OWASP/CheatSheetSeries/pull/759</id><title>Add setting XMLConstants.ACCESS_EXTERNAL_DTD to XMLInputFactory</title><updated>2021-10-13T14:04:26+00:00</updated><link href="https://github.com/OWASP/CheatSheetSeries/pull/759" rel="self"/><link href="https://github.com/OWASP/CheatSheetSeries/pull/759" rel="alternate"/><published>2021-10-13T14:04:26+00:00</published></entry><entry><id>https://github.com/OWASP/CheatSheetSeries/pull/760</id><title>Add HTTP Headers Cheat Sheet</title><updated>2021-10-19T13:55:25+00:00</updated><link href="https://github.com/OWASP/CheatSheetSeries/pull/760" rel="self"/><link href="https://github.com/OWASP/CheatSheetSeries/pull/760" rel="alternate"/><published>2021-10-19T13:55:25+00:00</published></entry><entry><id>https://github.com/OWASP/CheatSheetSeries/pull/764</id><title>Update HTTP Headers Cheat Sheet Draft</title><updated>2021-10-20T15:17:01+00:00</updated><link href="https://github.com/OWASP/CheatSheetSeries/pull/764" rel="self"/><link href="https://github.com/OWASP/CheatSheetSeries/pull/764" rel="alternate"/><published>2021-10-20T15:17:01+00:00</published></entry><entry><id>https://github.com/OWASP/CheatSheetSeries/pull/766</id><title>Update README.md</title><updated>2021-10-21T19:53:58+00:00</updated><link href="https://github.com/OWASP/CheatSheetSeries/pull/766" rel="self"/><link href="https://github.com/OWASP/CheatSheetSeries/pull/766" rel="alternate"/><published>2021-10-21T19:53:58+00:00</published></entry><entry><id>https://github.com/OWASP/CheatSheetSeries/pull/768</id><title>Move HTTP Security Response Headers Cheat Sheet to the main branch</title><updated>2021-10-22T16:39:21+00:00</updated><link href="https://github.com/OWASP/CheatSheetSeries/pull/768" rel="self"/><link href="https://github.com/OWASP/CheatSheetSeries/pull/768" rel="alternate"/><published>2021-10-22T16:39:21+00:00</published></entry><entry><id>https://github.com/OWASP/CheatSheetSeries/pull/769</id><title>Explain X-XSS-Protection:0 recommendation</title><updated>2021-10-23T16:21:53+00:00</updated><link href="https://github.com/OWASP/CheatSheetSeries/pull/769" rel="self"/><link href="https://github.com/OWASP/CheatSheetSeries/pull/769" rel="alternate"/><published>2021-10-23T16:21:53+00:00</published></entry><entry><id>https://github.com/OWASP/CheatSheetSeries/pull/770</id><title>Header CS Tweaks</title><updated>2021-10-23T16:27:08+00:00</updated><link href="https://github.com/OWASP/CheatSheetSeries/pull/770" rel="self"/><link href="https://github.com/OWASP/CheatSheetSeries/pull/770" rel="alternate"/><published>2021-10-23T16:27:08+00:00</published></entry><entry><id>https://github.com/OWASP/CheatSheetSeries/pull/771</id><title>Update Cross-Site_Request_Forgery_Prevention_Cheat_Sheet.md</title><updated>2021-10-24T22:22:27+00:00</updated><link href="https://github.com/OWASP/CheatSheetSeries/pull/771" rel="self"/><link href="https://github.com/OWASP/CheatSheetSeries/pull/771" rel="alternate"/><published>2021-10-24T22:22:27+00:00</published></entry><entry><id>https://github.com/OWASP/CheatSheetSeries/pull/775</id><title>Add link to OSHP in references</title><updated>2021-10-28T02:26:10+00:00</updated><link href="https://github.com/OWASP/CheatSheetSeries/pull/775" rel="self"/><link href="https://github.com/OWASP/CheatSheetSeries/pull/775" rel="alternate"/><published>2021-10-28T02:26:10+00:00</published></entry><entry><id>https://github.com/OWASP/CheatSheetSeries/pull/776</id><title>Add argument escaping to .NET OS Command injection examples to resolve #774</title><updated>2021-10-30T14:33:20+00:00</updated><link href="https://github.com/OWASP/CheatSheetSeries/pull/776" rel="self"/><link href="https://github.com/OWASP/CheatSheetSeries/pull/776" rel="alternate"/><published>2021-10-30T14:33:20+00:00</published></entry><entry><id>https://github.com/OWASP/CheatSheetSeries/pull/777</id><title>csp generator links</title><updated>2021-10-28T16:31:37+00:00</updated><link href="https://github.com/OWASP/CheatSheetSeries/pull/777" rel="self"/><link href="https://github.com/OWASP/CheatSheetSeries/pull/777" rel="alternate"/><published>2021-10-28T16:31:37+00:00</published></entry><entry><id>https://github.com/OWASP/CheatSheetSeries/pull/778</id><title>Shortening lines so that horizontal scrollbars are not needed in changes added in #776</title><updated>2021-11-01T02:19:52+00:00</updated><link href="https://github.com/OWASP/CheatSheetSeries/pull/778" rel="self"/><link href="https://github.com/OWASP/CheatSheetSeries/pull/778" rel="alternate"/><published>2021-11-01T02:19:52+00:00</published></entry><entry><id>https://github.com/OWASP/CheatSheetSeries/pull/779</id><title>Update HTTP_Headers_Cheat_Sheet.md</title><updated>2021-11-01T17:31:48+00:00</updated><link href="https://github.com/OWASP/CheatSheetSeries/pull/779" rel="self"/><link href="https://github.com/OWASP/CheatSheetSeries/pull/779" rel="alternate"/><published>2021-11-01T17:31:48+00:00</published></entry><entry><id>https://github.com/OWASP/CheatSheetSeries/pull/780</id><title>Update HTTP_Headers_Cheat_Sheet.md</title><updated>2021-11-01T17:37:21+00:00</updated><link href="https://github.com/OWASP/CheatSheetSeries/pull/780" rel="self"/><link href="https://github.com/OWASP/CheatSheetSeries/pull/780" rel="alternate"/><published>2021-11-01T17:37:21+00:00</published></entry><entry><id>https://github.com/OWASP/CheatSheetSeries/pull/781</id><title>Rename Application_Logging_Vocabulary_Cheat_Sheet.md to Logging_Vocabulary_Cheat_Sheet.md</title><updated>2021-11-02T15:37:50+00:00</updated><link href="https://github.com/OWASP/CheatSheetSeries/pull/781" rel="self"/><link href="https://github.com/OWASP/CheatSheetSeries/pull/781" rel="alternate"/><published>2021-11-02T15:37:50+00:00</published></entry><entry><id>https://github.com/OWASP/CheatSheetSeries/pull/782</id><title>Updating Clickjacking SameSite cookie link</title><updated>2021-11-04T16:13:19+00:00</updated><link href="https://github.com/OWASP/CheatSheetSeries/pull/782" rel="self"/><link href="https://github.com/OWASP/CheatSheetSeries/pull/782" rel="alternate"/><published>2021-11-04T16:13:19+00:00</published></entry><entry><id>https://github.com/OWASP/CheatSheetSeries/pull/783</id><title>fix typo in Threat_Modeling_Cheat_Sheet</title><updated>2021-11-06T15:31:29+00:00</updated><link href="https://github.com/OWASP/CheatSheetSeries/pull/783" rel="self"/><link href="https://github.com/OWASP/CheatSheetSeries/pull/783" rel="alternate"/><published>2021-11-06T15:31:29+00:00</published></entry><entry><id>https://github.com/OWASP/CheatSheetSeries/pull/785</id><title>secrets management cheatsheet iteration</title><updated>2021-12-10T15:48:15+00:00</updated><link href="https://github.com/OWASP/CheatSheetSeries/pull/785" rel="self"/><link href="https://github.com/OWASP/CheatSheetSeries/pull/785" rel="alternate"/><published>2021-12-10T15:48:15+00:00</published></entry><entry><id>https://github.com/OWASP/CheatSheetSeries/pull/786</id><title>Add redirect to Application_Logging_Vocabulary_Cheat_Sheet.html</title><updated>2021-11-12T15:47:57+00:00</updated><link href="https://github.com/OWASP/CheatSheetSeries/pull/786" rel="self"/><link href="https://github.com/OWASP/CheatSheetSeries/pull/786" rel="alternate"/><published>2021-11-12T15:47:57+00:00</published></entry><entry><id>https://github.com/OWASP/CheatSheetSeries/pull/787</id><title>First iteration of 1 and 6 in #124</title><updated>2021-11-15T15:51:13+00:00</updated><link href="https://github.com/OWASP/CheatSheetSeries/pull/787" rel="self"/><link href="https://github.com/OWASP/CheatSheetSeries/pull/787" rel="alternate"/><published>2021-11-15T15:51:13+00:00</published></entry><entry><id>https://github.com/OWASP/CheatSheetSeries/pull/790</id><title>Remove unnecessary word</title><updated>2021-12-03T00:53:43+00:00</updated><link href="https://github.com/OWASP/CheatSheetSeries/pull/790" rel="self"/><link href="https://github.com/OWASP/CheatSheetSeries/pull/790" rel="alternate"/><published>2021-12-03T00:53:43+00:00</published></entry><entry><id>https://github.com/OWASP/CheatSheetSeries/pull/791</id><title>First iteration of 3&amp;4 at #124</title><updated>2021-12-03T00:47:17+00:00</updated><link href="https://github.com/OWASP/CheatSheetSeries/pull/791" rel="self"/><link href="https://github.com/OWASP/CheatSheetSeries/pull/791" rel="alternate"/><published>2021-12-03T00:47:17+00:00</published></entry><entry><id>https://github.com/OWASP/CheatSheetSeries/pull/794</id><title>Updating with newer Microsoft guidance</title><updated>2021-12-03T00:45:58+00:00</updated><link href="https://github.com/OWASP/CheatSheetSeries/pull/794" rel="self"/><link href="https://github.com/OWASP/CheatSheetSeries/pull/794" rel="alternate"/><published>2021-12-03T00:45:58+00:00</published></entry><entry><id>https://github.com/OWASP/CheatSheetSeries/pull/795</id><title>XS Leaks cheatsheet</title><updated>2021-12-07T15:27:18+00:00</updated><link href="https://github.com/OWASP/CheatSheetSeries/pull/795" rel="self"/><link href="https://github.com/OWASP/CheatSheetSeries/pull/795" rel="alternate"/><published>2021-12-07T15:27:18+00:00</published></entry><entry><id>https://github.com/OWASP/CheatSheetSeries/pull/796</id><title>Fix numbered list indentation</title><updated>2021-12-08T09:56:46+00:00</updated><link href="https://github.com/OWASP/CheatSheetSeries/pull/796" rel="self"/><link href="https://github.com/OWASP/CheatSheetSeries/pull/796" rel="alternate"/><published>2021-12-08T09:56:46+00:00</published></entry></feed>